{
  "model": "Llama-3.1-8B-Instruct",
  "methods": {
    "DIM": {
      "layer": 11,
      "pos": -2
    },
    "ActSVD": {
      "n_modified_layers": 224
    }
  },
  "mso": {
    "DIM_vs_ActSVD_per_layer": {
      "model.layers.0.mlp.down_proj.weight": {
        "mso": 0.01930146850645542,
        "k_A": 1,
        "k_B": 60,
        "d": 4096,
        "random_baseline": 0.0146484375
      },
      "model.layers.0.self_attn.o_proj.weight": {
        "mso": 0.007792993914335966,
        "k_A": 1,
        "k_B": 44,
        "d": 4096,
        "random_baseline": 0.0107421875
      },
      "model.layers.0.self_attn.q_proj.weight": {
        "mso": 0.017382105812430382,
        "k_A": 1,
        "k_B": 70,
        "d": 4096,
        "random_baseline": 0.01708984375
      },
      "model.layers.1.mlp.down_proj.weight": {
        "mso": 0.02038947492837906,
        "k_A": 1,
        "k_B": 65,
        "d": 4096,
        "random_baseline": 0.015869140625
      },
      "model.layers.1.self_attn.o_proj.weight": {
        "mso": 0.014828864485025406,
        "k_A": 1,
        "k_B": 57,
        "d": 4096,
        "random_baseline": 0.013916015625
      },
      "model.layers.1.self_attn.q_proj.weight": {
        "mso": 0.015996472910046577,
        "k_A": 1,
        "k_B": 49,
        "d": 4096,
        "random_baseline": 0.011962890625
      },
      "model.layers.10.mlp.down_proj.weight": {
        "mso": 0.057013124227523804,
        "k_A": 1,
        "k_B": 74,
        "d": 4096,
        "random_baseline": 0.01806640625
      },
      "model.layers.10.self_attn.o_proj.weight": {
        "mso": 0.041156966239213943,
        "k_A": 1,
        "k_B": 66,
        "d": 4096,
        "random_baseline": 0.01611328125
      },
      "model.layers.10.self_attn.q_proj.weight": {
        "mso": 0.01670328713953495,
        "k_A": 1,
        "k_B": 66,
        "d": 4096,
        "random_baseline": 0.01611328125
      },
      "model.layers.11.mlp.down_proj.weight": {
        "mso": 0.019190656021237373,
        "k_A": 1,
        "k_B": 74,
        "d": 4096,
        "random_baseline": 0.01806640625
      },
      "model.layers.11.self_attn.o_proj.weight": {
        "mso": 0.015231624245643616,
        "k_A": 1,
        "k_B": 64,
        "d": 4096,
        "random_baseline": 0.015625
      },
      "model.layers.11.self_attn.q_proj.weight": {
        "mso": 0.016429206356406212,
        "k_A": 1,
        "k_B": 66,
        "d": 4096,
        "random_baseline": 0.01611328125
      },
      "model.layers.12.mlp.down_proj.weight": {
        "mso": 0.02232981286942959,
        "k_A": 1,
        "k_B": 74,
        "d": 4096,
        "random_baseline": 0.01806640625
      },
      "model.layers.12.self_attn.o_proj.weight": {
        "mso": 0.032023366540670395,
        "k_A": 1,
        "k_B": 66,
        "d": 4096,
        "random_baseline": 0.01611328125
      },
      "model.layers.12.self_attn.q_proj.weight": {
        "mso": 0.0169451255351305,
        "k_A": 1,
        "k_B": 66,
        "d": 4096,
        "random_baseline": 0.01611328125
      },
      "model.layers.13.mlp.down_proj.weight": {
        "mso": 0.028264198452234268,
        "k_A": 1,
        "k_B": 74,
        "d": 4096,
        "random_baseline": 0.01806640625
      },
      "model.layers.13.self_attn.o_proj.weight": {
        "mso": 0.019857970997691154,
        "k_A": 1,
        "k_B": 69,
        "d": 4096,
        "random_baseline": 0.016845703125
      },
      "model.layers.13.self_attn.q_proj.weight": {
        "mso": 0.021390600129961967,
        "k_A": 1,
        "k_B": 67,
        "d": 4096,
        "random_baseline": 0.016357421875
      },
      "model.layers.14.mlp.down_proj.weight": {
        "mso": 0.03883223235607147,
        "k_A": 1,
        "k_B": 73,
        "d": 4096,
        "random_baseline": 0.017822265625
      },
      "model.layers.14.self_attn.o_proj.weight": {
        "mso": 0.02237669564783573,
        "k_A": 1,
        "k_B": 50,
        "d": 4096,
        "random_baseline": 0.01220703125
      },
      "model.layers.14.self_attn.q_proj.weight": {
        "mso": 0.014117213897407055,
        "k_A": 1,
        "k_B": 62,
        "d": 4096,
        "random_baseline": 0.01513671875
      },
      "model.layers.15.mlp.down_proj.weight": {
        "mso": 0.020589029416441917,
        "k_A": 1,
        "k_B": 74,
        "d": 4096,
        "random_baseline": 0.01806640625
      },
      "model.layers.15.self_attn.o_proj.weight": {
        "mso": 0.01770370453596115,
        "k_A": 1,
        "k_B": 64,
        "d": 4096,
        "random_baseline": 0.015625
      },
      "model.layers.15.self_attn.q_proj.weight": {
        "mso": 0.02047572284936905,
        "k_A": 1,
        "k_B": 66,
        "d": 4096,
        "random_baseline": 0.01611328125
      },
      "model.layers.16.mlp.down_proj.weight": {
        "mso": 0.023769810795783997,
        "k_A": 1,
        "k_B": 73,
        "d": 4096,
        "random_baseline": 0.017822265625
      },
      "model.layers.16.self_attn.o_proj.weight": {
        "mso": 0.02333894930779934,
        "k_A": 1,
        "k_B": 60,
        "d": 4096,
        "random_baseline": 0.0146484375
      },
      "model.layers.16.self_attn.q_proj.weight": {
        "mso": 0.012562497518956661,
        "k_A": 1,
        "k_B": 63,
        "d": 4096,
        "random_baseline": 0.015380859375
      },
      "model.layers.17.mlp.down_proj.weight": {
        "mso": 0.01923651061952114,
        "k_A": 1,
        "k_B": 74,
        "d": 4096,
        "random_baseline": 0.01806640625
      },
      "model.layers.17.self_attn.o_proj.weight": {
        "mso": 0.0188534427434206,
        "k_A": 1,
        "k_B": 63,
        "d": 4096,
        "random_baseline": 0.015380859375
      },
      "model.layers.17.self_attn.q_proj.weight": {
        "mso": 0.016613410785794258,
        "k_A": 1,
        "k_B": 63,
        "d": 4096,
        "random_baseline": 0.015380859375
      },
      "model.layers.18.mlp.down_proj.weight": {
        "mso": 0.03250328078866005,
        "k_A": 1,
        "k_B": 72,
        "d": 4096,
        "random_baseline": 0.017578125
      },
      "model.layers.18.self_attn.o_proj.weight": {
        "mso": 0.020996686071157455,
        "k_A": 1,
        "k_B": 64,
        "d": 4096,
        "random_baseline": 0.015625
      },
      "model.layers.18.self_attn.q_proj.weight": {
        "mso": 0.015814926475286484,
        "k_A": 1,
        "k_B": 65,
        "d": 4096,
        "random_baseline": 0.015869140625
      },
      "model.layers.19.mlp.down_proj.weight": {
        "mso": 0.018633726984262466,
        "k_A": 1,
        "k_B": 71,
        "d": 4096,
        "random_baseline": 0.017333984375
      },
      "model.layers.19.self_attn.o_proj.weight": {
        "mso": 0.015572530217468739,
        "k_A": 1,
        "k_B": 63,
        "d": 4096,
        "random_baseline": 0.015380859375
      },
      "model.layers.19.self_attn.q_proj.weight": {
        "mso": 0.013937555253505707,
        "k_A": 1,
        "k_B": 63,
        "d": 4096,
        "random_baseline": 0.015380859375
      },
      "model.layers.2.mlp.down_proj.weight": {
        "mso": 0.014379887841641903,
        "k_A": 1,
        "k_B": 65,
        "d": 4096,
        "random_baseline": 0.015869140625
      },
      "model.layers.2.self_attn.o_proj.weight": {
        "mso": 0.011140794493258,
        "k_A": 1,
        "k_B": 60,
        "d": 4096,
        "random_baseline": 0.0146484375
      },
      "model.layers.2.self_attn.q_proj.weight": {
        "mso": 0.013285902328789234,
        "k_A": 1,
        "k_B": 52,
        "d": 4096,
        "random_baseline": 0.0126953125
      },
      "model.layers.20.mlp.down_proj.weight": {
        "mso": 0.016783583909273148,
        "k_A": 1,
        "k_B": 72,
        "d": 4096,
        "random_baseline": 0.017578125
      },
      "model.layers.20.self_attn.o_proj.weight": {
        "mso": 0.020101040601730347,
        "k_A": 1,